<BackupInst xmlns="http://www.microsoft.com/GroupPolicy/GPOOperations/Manifest"><GPOGuid><![CDATA[{b0c3ef2e-cef6-44a8-bab2-b54c39154b0d}]]></GPOGuid><GPODomain><![CDATA[contoso.com]]></GPODomain><GPODomainGuid><![CDATA[{12f65662-c5f9-4568-92e4-e5aba73948fd}]]></GPODomainGuid><GPODomainController><![CDATA[sea-dc1.contoso.com]]></GPODomainController><BackupTime><![CDATA[2023-11-25T17:34:58]]></BackupTime><ID><![CDATA[{0F527411-9687-4BA7-994B-0B131B27CA3E}]]></ID><Comment><![CDATA[]]></Comment><GPODisplayName><![CDATA[IT Lab Policy]]></GPODisplayName></BackupInst>
